/*
SQLyog Ultimate v11.24 (32 bit)
MySQL - 5.5.10 : Database - news
*********************************************************************
*/

/*!40101 SET NAMES utf8 */;

/*!40101 SET SQL_MODE=''*/;

/*!40014 SET @OLD_UNIQUE_CHECKS=@@UNIQUE_CHECKS, UNIQUE_CHECKS=0 */;
/*!40014 SET @OLD_FOREIGN_KEY_CHECKS=@@FOREIGN_KEY_CHECKS, FOREIGN_KEY_CHECKS=0 */;
/*!40101 SET @OLD_SQL_MODE=@@SQL_MODE, SQL_MODE='NO_AUTO_VALUE_ON_ZERO' */;
/*!40111 SET @OLD_SQL_NOTES=@@SQL_NOTES, SQL_NOTES=0 */;
CREATE DATABASE /*!32312 IF NOT EXISTS*/`news` /*!40100 DEFAULT CHARACTER SET utf8 */;

USE `news`;

/*Table structure for table `article` */

DROP TABLE IF EXISTS `article`;

CREATE TABLE `article` (
  `id` int(11) NOT NULL AUTO_INCREMENT,
  `aid` bigint(19) DEFAULT NULL,
  `channel` int(11) NOT NULL,
  `title` varchar(100) DEFAULT NULL,
  `brief` varchar(100) DEFAULT NULL,
  `digest` varchar(500) DEFAULT NULL,
  `content` text,
  `image` text,
  `keywords` varchar(100) DEFAULT NULL,
  `istop` int(1) DEFAULT NULL,
  `original` int(1) DEFAULT NULL,
  `sharable` int(1) DEFAULT NULL,
  `views` int(11) DEFAULT NULL,
  `likes` int(11) DEFAULT NULL,
  `hate` int(11) DEFAULT NULL,
  `comments` int(11) DEFAULT NULL,
  `status` tinyint(1) DEFAULT NULL,
  `copyfrom` varchar(50) DEFAULT NULL,
  `author_name` varchar(50) DEFAULT NULL,
  `author` bigint(19) DEFAULT NULL,
  `editor` bigint(19) DEFAULT NULL,
  `checker` bigint(19) DEFAULT NULL,
  `time` datetime DEFAULT NULL,
  `check_time` datetime DEFAULT NULL,
  `state` int(11) DEFAULT NULL,
  PRIMARY KEY (`id`),
  KEY `FK_339jxf7l5s244wr8hd8iu23df` (`channel`),
  CONSTRAINT `FK_339jxf7l5s244wr8hd8iu23df` FOREIGN KEY (`channel`) REFERENCES `channel` (`id`)
) ENGINE=InnoDB AUTO_INCREMENT=22 DEFAULT CHARSET=utf8;

/*Data for the table `article` */

insert  into `article`(`id`,`aid`,`channel`,`title`,`brief`,`digest`,`content`,`image`,`keywords`,`istop`,`original`,`sharable`,`views`,`likes`,`hate`,`comments`,`status`,`copyfrom`,`author_name`,`author`,`editor`,`checker`,`time`,`check_time`,`state`) values (2,1,1,'12月11日16点交易员正关注要闻','新浪美股讯 北京时间11日彭博报道，以下为12月11日16点全球交易员正关注的要闻Top 20，排名来自于11日16点彭博终端交易员的点击数据。','摘要：新浪美股讯 北京时间11日彭博报道，以下为12月11日16点全球交易员正关注的要闻Top 20，排名来自于11日16点彭博终端交易员的点击数据。','1)尾盘综述：复兴系震动股票市场；人民币贬；国债涨；美元升\r\n2)郭广昌被曝失联 “复星系”商业版图一览  \r\n3)更新：中国央行在广东、天津、福建自贸区扩大人民币跨境使用\r\n4)国家统计局发言人：对完成全年经济增长7%左右的预期目标充满信心\r\n5)搜狐：郭广昌失联因涉艾宝俊案 正协助调查\r\n6)德国商业银行：“压力测试”不甚理想 中国央行重新入市干预\r\n7)中国发布浙江省台州市小微企业金融服务改革创新试验区总体方案\r\n8)保定天威：法院判决天威新能源向国开行偿还本金15.18亿元及利息\r\n9)郭广昌失联传闻震动市场 两千亿市值股票停牌静候中国“巴菲特”音讯  \r\n10)人民币或创8月份贬值以来最大单周降幅 中国央行减少干预\r\n11)中信证券(17.85,0.03,0.17%)：中国外储官方底线或在2.7万亿美元；6.6元或为汇率长期底线\r\n12)中国货币市场利率、债券收益率料在2016年进一步下滑  \r\n13)公关代表：复星国际业务正常运转\r\n14)技术图形：人民币远汇点差料从一年最高点回落\r\n15)新华社：国资委将开展混合所有制等十项改革试点工作  \r\n16)中国国资委：到2017年要实现经营性亏损企业亏损额明显下降\r\n17)中石油集团召开深改小组会 通过专项改革方案\r\n18)鄂尔多斯(8.41,-0.25,-2.89%)市华研投资集团：“12鄂华研债”能否按时兑付存在不确定性\r\n19)要孩子还是要工作 全面二孩政策下的中国职业女性面临艰难抉择\r\n20)透视G-10：美元走高；大宗商品涨跌互见','','交易员|美股',1,NULL,NULL,13,4,1,3,1,'新浪财经',NULL,NULL,NULL,NULL,'2015-12-11 23:18:31',NULL,NULL),(3,1,1,'习近平就机关企事业单位做好定点扶贫工作作出重要指示','习近平就机关企事业单位做好定点扶贫工作作出重要指示强调','摘要：新华网北京12月11日电  中共中央总书记、国家主席、中央军委主席习近平12月8日就机关企事业单位做好定点扶贫工作作出重要指示。他强调，党政军机关、企事业单位开展定点扶贫，是中国特色扶贫开发事业的重要组成部分，也是我国政治优势和制度优势的重要体现。多年来，各有关单位围绕定点扶贫做了不少工作，取得了积极成效。','习近平指出，做好新形势下定点扶贫工作，要深入贯彻中央扶贫开发工作会议精神，切实增强责任感、使命感、紧迫感，坚持精准扶贫、精准脱贫，坚持发挥单位、行业优势与立足贫困地区实际相结合，健全工作机制，创新帮扶举措，提高扶贫成效，为坚决打赢脱贫攻坚战作出新的更大贡献。\r\n\r\n　　中共中央政治局常委、国务院总理李克强作出批示强调，定点扶贫是中央单位积极参与扶贫、推动贫困地区加快发展的有力抓手，30年来发挥了重要作用。“十三五”时期是我国脱贫攻坚的决战决胜期，加大定点扶贫力度至关重要。各相关单位要按照中央部署，再接再厉，主要领导直接抓，创新工作机制，多方筹措资源，选派优秀干部，进一步提高定点扶贫的精准度和有效性，着力增强贫困地区造血功能，使贫困群众更好实现自我发展、参与发展、共享发展，在推进全面建成小康社会的进程中坚决全力打赢脱贫攻坚的硬仗。\r\n\r\n　　中共中央政治局委员、国务院扶贫开发领导小组组长汪洋11日出席中央单位定点扶贫工作会议并讲话。他强调，各部门、各有关单位要认真贯彻落实习近平总书记重要指示精神和李克强总理的批示，进一步强化帮扶责任，切实做好定点扶贫考核工作。要按照精准扶贫的工作要求，进一步加大资金投入、智力支持、技术服务以及信息与政策指导，把工作目标瞄准建档立卡贫困户，帮扶资金和措施落到贫困人口，不断提高扶贫实效。\r\n\r\n　　据统计，党的十八大以来，参与定点扶贫的中央单位达到320个，实现了对贫困县的全覆盖，累计向贫困县选派挂职干部1266人次，投入帮扶资金69亿元，帮助引进资金363亿元。','http://www.news.cn/politics/static/ldrtp/001.jpg','扶贫|企业单位',0,NULL,NULL,23,4,NULL,NULL,1,'新华网',NULL,NULL,NULL,NULL,'2015-12-11 23:18:33',NULL,NULL),(4,1,1,'中国“十三五”将编制首个市场监管现代化专项规划','要建立完善的社会主义市场经济体制，必须有先进的市场监管理念、完善的市场规则和市场监管体制。中国正在研究编制“十三五”市场监管现代化专项规划。这是市场监管领域首次尝试编制国家规划。','摘要：要建立完善的社会主义市场经济体制，必须有先进的市场监管理念、完善的市场规则和市场监管体制。中国正在研究编制“十三五”市场监管现代化专项规划。这是市场监管领域首次尝试编制国家规划。','新华网北京１２月１１日电（记者高敬）要建立完善的社会主义市场经济体制，必须有先进的市场监管理念、完善的市场规则和市场监管体制。中国正在研究编制“十三五”市场监管现代化专项规划。这是市场监管领域首次尝试编制国家规划。\r\n\r\n　　国家工商总局局长张茅１１日在“工商总局市场监管专家委员会成立大会”上介绍了这一情况。\r\n\r\n　　据介绍，规划将以维护公平竞争的市场秩序为目标，创新监管理念，明确监管规则，突出监管重点，改革监管方式，完善监管机制，给市场主体一个清晰的信号和明确的预期，为市场经济发展营造一个公平竞争的市场环境和具有国际竞争力的营商环境。\r\n\r\n　　加强市场监管是政府的五大职能之一。张茅表示，要通过编制规划，进一步深化商事制度改革，明确市场监管方向，进一步激发市场的活力和创造力，这既是转变经济发展方式的重要保障，也是转变政府职能的重要任务。\r\n\r\n　　下一步，工商总局将会同有关部门，按照国务院部署，按照完善社会主义市场经济体制的总体要求，编制好“十三五”市场监管现代化专项规划。\r\n\r\n　　当天，来自高校、科研院所等单位的经济学、法学、社会学等领域著名专家学者共２８人受聘成为市场监管专家委员会成员。专家委员会将加强市场监管重大问题的深入研究，完善工商总局的决策咨询制度，进一步提高重大决策的科','http://cpro.baidu.com/cpro/ui/uijs.php?adclass=0&app_id=0&c=news&cf=20&ch=0&di=8&fv=0&is_app=0&jk=6f6298ee25409d6&k=%BD%DE%C3%AB%B8%E0%D4%F5%C3%B4%CB%A2&k0=%BD%DE%C3%AB%B8%E0%D4%F5%C3%B4%CB%A2&k1=%B6%FE%CA%D6%B7%BF&k2=%B8%F6%C8%CB%B7%BF%D4%B4&k3=%B6%FE%CA%D6%B7%BF%B3%F6%CA%DB&k4=%B4%B4%D2%E2%BD%E1%BB%E9%D5%D5&kdi0=8&kdi1=8&kdi2=8&kdi3=8&kdi4=8&luki=2&mcpm=193587&n=10&p=baidu&q=48049029_cpr&rb=0&rs=1&seller_id=1&sid=d60954e28e29f606&ssp2=1&stid=116&t=tpclicked3_hc&td=2022346&tu=u2022346&u=http%3A%2F%2Fnews%2Exinhuanet%2Ecom%2Ffortune%2F2015%2D12%2F11%2Fc%5F1117436925%2Ehtm&urlid=0','市场|监管',1,NULL,NULL,111,5,NULL,NULL,1,'新华网',NULL,NULL,NULL,NULL,'2015-12-11 23:18:36',NULL,NULL),(5,1,1,'2016年放假安排公布：春节调休7天 除夕不上班','人民网北京12月10日电 国务院办公厅今天发布关于2016年部分节假日安排的通知。其中，春节放假安排为：2月7日至13日放假调休，共7天。2月6日（星期六）、2月14日（星期日）上班。','摘要：人民网北京12月10日电 国务院办公厅今天发布关于2016年部分节假日安排的通知。其中，春节放假安排为：2月7日至13日放假调休，共7天。2月6日（星期六）、2月14日（星期日）上班。','具体如下：\r\n\r\n　　一、元旦：1月1日放假，与周末连休。\r\n\r\n　　二、春节：2月7日至13日放假调休，共7天。2月6日（星期六）、2月14日（星期日）上班。\r\n\r\n　　三、清明节：4月4日放假，与周末连休。\r\n\r\n　　四、劳动节：5月1日放假，5月2日（星期一）补休。\r\n\r\n　　五、端午节：6月9日至11日放假调休，共3天。6月12日（星期日）上班。\r\n\r\n　　六、中秋节：9月15日至17日放假调休，共3天。9月18日（星期日）上班。\r\n\r\n　　七、国庆节：10月1日至7日放假调休，共7天。10月8日（星期六）、10月9日（星期日）上班。','http://www.people.com.cn/mediafile/pic/20151211/73/16284758315572148533.jpg','放假|调休',1,NULL,NULL,45,4,NULL,NULL,1,'人民网',NULL,NULL,NULL,NULL,'2015-12-11 23:18:38',NULL,NULL),(6,1,1,'北京市积分落户管理办法征意见 明确申请条件','北京市积分落户管理办法征意见 明确申请条件','摘要：北京市积分落户管理办法征意见 明确申请条件','《北京市积分落户管理办法(征求意见稿)》今日公开征求意见。征求意见稿明确了申请人条件，包括年龄不超过45周岁、在京连续缴纳社会保险7年及以上等。意见稿还划定了积分落户指标体，北京市政府将根据年度人口调控情况，每年向社会公布落户分数线。\r\n\r\n　　以下为北京市政务门户网站“首都之窗”公布的北京市积分落户管理办法(征求意见稿)全文：\r\n\r\n　　北京市积分落户管理办法\r\n\r\n　　(征求意见稿)\r\n\r\n　　第一条 按照国家户籍制度改革要求，为加强人口服务管理，逐步有序解决符合首都城市功能定位和经济社会发展需要、长期在京稳定就业和生活的常住人口落户问题，改进本市现行落户政策，根据国家和本市有关法律、法规，制定本办法。\r\n\r\n　　第二条 本办法所称积分落户是指通过建立指标体系，对本市居住证持证人申请落户的条件进行量化，并对每项指标赋予一定分值，总积分达到规定分值的人员可在本市申请办理常住户口。\r\n\r\n　　第三条 坚持公平公正、总量控制、存量优先、有序推进的原则，稳步实施积分落户制度。\r\n\r\n　　第四条 申请人参加积分落户应同时符合下列条件：\r\n\r\n　　(一)持有北京市居住证；\r\n\r\n　　(二)年龄不超过45周岁；\r\n\r\n　　(三)在京连续缴纳社会保险7年及以上；\r\n\r\n　　(四)符合本市计划生育政策；\r\n\r\n　　(五)无违法犯罪记录。\r\n\r\n　　第五条 积分落户指标体系由基础指标和导向指标构成。基础指标包括合法稳定就业、合法稳定住所、教育背景。导向指标包括职住区域、疏解行业就业、创新创业、专业技术职务、纳税、信用记录、守法记录。总积分为各项指标的累计得分。指标的具体认定标准在积分落户管理办法实施细则中明确，实施细则由市有关部门另行制定。\r\n\r\n　　(一)合法稳定就业指标及分值。\r\n\r\n　　合法稳定就业是指与在京用人单位签订正式劳动合同并连续工作满1年及以上，或在京投资办企业并连续经营满1年及以上，或在京注册登记为个体工商户并连续经营满1年及以上。以连续缴纳社保年限作为合法稳定就业年限的计分标准，每连续缴纳社保满1年积3分。\r\n\r\n　　(二)合法稳定住所指标及分值。\r\n\r\n　　合法稳定住所是指取得本市房屋所有权证的自有住所；签订正式房屋租赁合同，符合登记备案、依法纳税等有关规定的合法租赁住所；用人单位提供的拥有合法产权的宿舍。申请人需连续居住满1年及以上。在自有产权房每连续居住满1年积1分，在合法租赁房屋和单位宿舍每连续居住满1年积0.5分。当连续居住年限多于缴纳社保年限，以连续缴纳社保年限作为连续居住年限。\r\n\r\n　　(三)教育背景指标及分值。\r\n\r\n　　申请人取得国民教育系列及教育部认可的国内外学历(学位)，可获得相应的积分。具体积分标准为：大学专科(含高职)9分，大学本科15分，硕士27分，博士39分。学历的认定以申请人获得的全日制最高学历为准，不累加。获得多个全日制硕士或博士学位的，在其最高学历得分基础上，每多获得1个硕士学位，加3分；每多获得1个博士学位，加6分。\r\n\r\n　　(四)职住区域指标及分值。\r\n\r\n　　自本办法实施之日起，居住地由城六区(东城区、西城区、朝阳区、海淀区、丰台区、石景山区)转移到本市其他行政区的申请人，每满1年加2分，最高加6分；就业地和居住地均由城六区转移到本市其他行政区的申请人，每满1年加4分，最高加12分。\r\n\r\n　　自本办法实施之日起，居住地由本市其他行政区转移到城六区的申请人，每满1年减2分，最高减6分；就业地和居住地均由本市其他行政区转移到城六区的申请人，每满1年减4分，最高减12分。\r\n\r\n　　(五)疏解行业就业指标及分值。\r\n\r\n　　自本办法实施之日起，在区域性专业市场、一般制造业、《北京市工业污染行业、生产工艺调整退出及设备淘汰目录》范围内就业的申请人，就业每满1年减6分。就业时间不足1年的，按1年计算。\r\n\r\n　　(六)创新创业指标及分值。\r\n\r\n　　在经认定的科技企业孵化器及众创空间中的创业企业就业，且符合一定条件的申请人，工作每满1年加2分，最高加6分。具体条件在实施细则中明确。\r\n\r\n　　在经认定的科技企业孵化器及众创空间、技术转移服务机构、相关专业科技服务机构就业，且符合一定条件的申请人，工作每满1年加1分，最高加3分。具体条件在实施细则中明确。\r\n\r\n　　在国家高新技术企业、中关村高新技术企业就业的申请人，工作每满1年加1分，最高加3分。\r\n\r\n　　在科技、文化领域以及创新创业大赛获得国家级或本市奖项的申请人，可获得相应加分。其中，获国家级奖项的加9分，获本市奖项的加6分。具体奖项认定标准在实施细则中明确。只计最高分，不累计加分。\r\n\r\n　　(七)专业技术职务指标及分值。\r\n\r\n　　具有中级及以上专业技术职务的申请人，可获得相应加分。其中，中级专业技术职务加2分，高级专业技术职务加5分。需为国家和本市有关部门、中央企事业单位评定的专业技术职务，只计最高分，不累计加分。\r\n\r\n　　(八)纳税指标及分值。\r\n\r\n　　近3年连续纳税，且满足以下条件之一的申请人，加6分：平均每年工资、薪金以及劳务报酬的个人所得税纳税额在10万元及以上；依法登记注册个体工商户，平均每年纳税15万元及以上；依法登记注册个人独资企业的投资人、有限责任公司的自然人股东、合伙企业的出资人，根据企业已缴纳的税金，以其出资比例计算纳税额，平均每年纳税20万元及以上。以上三种情况积分不累加。\r\n\r\n　　自本办法实施之日起，有涉税违法行为记录的个人、企业法人及个体工商户户主，申请积分落户的，每条记录减12分。\r\n\r\n　　(九)信用记录指标及分值。\r\n\r\n　　自本办法实施之日起，在北京市企业信用信息公示系统中有行政处罚信息、不良司法信息、商品服务质量不合格信息、被列入异常名录或标记为异常状态的企业及个体工商户，对作为其法人代表或户主的申请人，每条记录减12分。\r\n\r\n　　(十)守法记录指标及分值。\r\n\r\n　　自本办法实施之日起，在本市因违反有关法律被处以行政拘留处罚的申请人，每条行政拘留记录减30分。\r\n\r\n　　第六条 市政府根据年度人口调控情况，每年向社会公布落户分数线。市有关部门根据申请人积分情况和落户分数线，初步确定年度积分落户人员，并对积分情况向社会公示。通过公示后，申请人可按相关规定办理常住户口。\r\n\r\n　　第七条 积分落户每年申请一次。符合第四条规定的申请人，可向用人单位提交申请，统一由用人单位负责向有关部门申报。具体操作流程在实施细则中明确。\r\n\r\n　　第八条 获得积分落户资格的申请人，其未成年子女可以随迁；配偶、父母申请落户按照本市现行亲属投靠落户政策办理。\r\n\r\n　　第九条 行政机关工作人员在执行本办法过程中应当依法履行职责，对有徇私舞弊、滥用职权、索贿受贿等行为的，由其所在单位或者监察机关给予行政处分；构成犯罪的，依法追究其刑事责任。\r\n\r\n　　申请人及所在单位应当保证所提供申请材料的真实性，经有关部门发现弄虚作假的，取消其当年及以后年度的申请资格；已经落户的，予以注销；构成犯罪的，依法追究其刑事责任。\r\n\r\n　　第十条 根据本市经济社会发展需要，由市有关部门对积分落户指标体系提出调整方案，经市政府批准后向社会公布。\r\n\r\n　　第十一条 本办法自 年 月 日起施行，有效期至 年 月 日。','http://politics.people.com.cn/NMediaFile/2015/1201/MAIN201512010820498823528341092.jpg','积分落户',0,NULL,NULL,75645,4,NULL,NULL,1,'新华网',NULL,NULL,NULL,NULL,'2015-12-11 23:18:40',NULL,NULL),(7,1,1,'铁总回应12306验证码:放票时段一次识读率70%','铁总回应12306验证码:放票时段一次识读率70%','摘要：中国铁路总公司１０日在一份２０１６年春运火车售票情况的通报中，对近日备受关注的１２３０６网站验证码一事做出回应：放票时段图形验证码的一次识读正确率为７０％，非放票时段更高。','据介绍，１２３０６网站已平稳度过节前售票高峰。自１１月２６日发售２０１６年春运第一天车票起，截至１２月９日，铁路部门共发售车票１．３亿张，其中通过手机ＡＰＰ发售车票３５３６万张，占售票总量比例由去年同期的１３．５％上升至２７．２％。\r\n\r\n　　铁路部门通报称，针对一些网上倒票人员利用刷票软件进行囤票倒票的实际情况，１２３０６网站对注册用户的手机进行了可联络性核验，并持续优化图形验证码，图形验证码中的图片和类目均是日常生活中较为常见的物品及物体，且不断筛选更新、选择清晰度高的图片，确保用户体验。\r\n\r\n　　通报透露：“今年预售春运车票以来，根据１２３０６网站１０多天的后台监测及统计数据，放票时段图形验证码的一次识读正确率为７０％，非放票时段更高。”\r\n\r\n　　此外，铁路部门继续租用了公用云计算平台物理资源，分流１２３０６的查询车票业务，较好地满足了高峰时段对１２３０６网站的带宽需求。１２３０６网站用户系统查询效率、订票效率等指标与往年春运相比均有３０％以上的增幅，平均排队等待时间为１．８秒，系统运行稳定有序，运行效率大幅提升，旅客购票缓慢和中断的现象基本消除。\r\n\r\n　　今年春运，铁总还推出了系列改进举措。包括将互联网购票时间由不晚于开车前２小时调整为不晚于开车前３０分钟、推出变更到站服务、在列车上提供联网升座服务；每天安排开行旅客列车３４８８对，比２０１５年春运增长１４．５％；严格内部管理，加大打击倒票力度等。（记者刘景洋、王子辰）','http://politics.people.com.cn/NMediaFile/2015/1103/MAIN201511031009158182601532986.jpg','火车票|验证码',1,NULL,NULL,43,44,NULL,NULL,1,'人民日报',NULL,NULL,NULL,NULL,'2015-12-11 23:18:41',NULL,NULL),(8,1,1,'中日高校口腔医学专业师生在中国驻日本大使馆举行交流会','中日高校口腔医学专业师生在中国驻日本大使馆举行交流会','摘要：中日高校口腔医学专业师生在中国驻日本大使馆举行交流会','人民网东京12月11日电（赵松）正在日本进行交流访问的第四军医大学代表团11日和日本明海大学、朝日大学师生一起访问了中国驻日本大使馆，大使馆公使衔参赞阮湘平接见了中日师生，并在使馆内举行交流会。\r\n\r\n受日本明海大学和朝日大学邀请，来自第四军医大学口腔医学院的5名学生和1名老师日前对两所学校进行了交流访问。11日下午，访日代表团和明海大学理事长宫田淳、朝日大学校长大友克之以及5名曾经访问第四军医大学的明海大学学生等一同拜访了中国驻日本大使馆。\r\n\r\n阮湘平在大使馆举办的交流会上对到访的中日师生表达了欢迎之意，同时对明海、朝日大学在促进中日医学交流方面所做的贡献表示了肯定。他称，明海大学长年以来一直自筹经费开展与中国大学的交流活动，为促进两国医学交流、增加两国青年相互理解作出了贡献。希望参与交流活动的中日学生能够从中学到有助于开拓各自今后医学事业的知识，并为促进两国友好交流架设桥梁。\r\n\r\n宫田淳在交流会上发言时称，明海大学已经与第四军医大学开展了多年的交流活动，即便是在中日关系困难时期也不曾放弃，今后仍将继续坚持开展交流活动。宫田淳称他个人很喜欢中国，希望更多的中国朋友访问日本，了解日本，进而促进两国关系发展。\r\n\r\n第四军医大学口腔医学院的学生表示，访日期间参观了日本的学校、医院、博物馆等，不仅对日本的口腔医学发展水平有了深入的认识，也亲身体验到了日本的文化，这样的交流活动非常有意义。今年8月份访问过第四军医大学的明海大学学生同样属于口腔医学专业，他们在交流会上表示，交流活动让他们对中国有了新的认识，也看到了两国在文化和医学研究方面的不同之处，超越语言和文化差异的交流让他们非常感动，希望今后能够继续与中国学生开展交流。\r\n\r\n第四军医大学口腔医学院与明海、朝日大学在2002年签署了互访协议。在本次交流访问之前，第四军医大学口腔医学院已派出11批共计90名师生访问明海、朝日大学，明海、朝日大学则有13批共计156名师生访问第四军医大学','http://world.people.com.cn/NMediaFile/2015/08/04/P20150804110228332.jpg','医学',0,NULL,NULL,2,4,NULL,NULL,1,'人民日报',NULL,NULL,NULL,NULL,'2015-12-11 23:18:43',NULL,NULL),(9,1,1,'在蒙大型中资企业“一带一路”战略高峰论坛举行','人民网乌兰巴托12月11日电 ','摘要：由中国驻蒙古国大使馆和蒙古中华总商会联合主办的《在蒙大型中资企业“一带一路”战略高峰论坛》在中国银行乌兰巴托代表处举行。邢海明大使就十八届五中全会精神和“十三五规划”向在座的企业家进行了通报，并就依靠“一带一路”平台、加快中蒙经贸融合发展提出5点工作建议。','人民网乌兰巴托12月11日电 （记者杨涛）由中国驻蒙古国大使馆和蒙古中华总商会联合主办的《在蒙大型中资企业“一带一路”战略高峰论坛》在中国银行乌兰巴托代表处举行。邢海明大使就十八届五中全会精神和“十三五规划”向在座的企业家进行了通报，并就依靠“一带一路”平台、加快中蒙经贸融合发展提出5点工作建议。与会代表纷纷发言，介绍了各自企业在蒙古发展经营情况和开展社会公益活动经验的同时，对生产经营中面临的困难和问题进行了汇报和征询。','http://opinion.people.com.cn/NMediaFile/2015/1127/MAIN201511270950137333984848682.jpg','一带一路',1,NULL,NULL,3,2,NULL,NULL,1,'人民日报',NULL,NULL,NULL,NULL,'2015-12-11 23:18:46',NULL,NULL),(10,1,1,'枝江市公安局董市派出所“优化法治环境、服务企业发展”','人民网12月11日电 湖北省枝江市公安局董市派出','摘要：人民网12月11日电 湖北省枝江市公安局董市派出所以“建设平安董市，服务企业发展”为已任，以营造良好的经济发展软环境为目标，充分发挥公安机关职能作用，突出重点，积极作为，切实担负起为企业发展保驾护航的重任，为枝江市重点企业建设作出了积极贡献。','董市派出所以“关注民生，保障服务”为着力点，拓展警务沟通渠道，主动深入企业与企业开展互动交流，为企业排忧解难。 近2年来成功处置多起涉企矛盾纠纷，保障了辖区企业良好的生产经营秩序。在处置各类涉企矛盾纠纷中主动参与，提前介入，为企业当好参谋和助手，做到事前有预案，事后有结果。\r\n\r\n重拳出击，严打涉企违法犯罪\r\n\r\n严厉打击危害企业安全稳定的各类违法犯罪活动，为企业创造了良好的治安环境，赢得了企业的广泛赞誉和社会的好评。去年8月10日，王某、彭某某等4人盗窃三宁化工公司19.5吨“石油苯”后逃跑。接到报案后，迅速开展侦查，沿逃跑路线追踪。11日凌晨3时许，在沪渝高速仙桃路段将4名犯罪嫌疑人抓获，追回被盗的“石油苯”19.5吨，为企业挽回损失20余万元。2015年又相继破获了彭某某盗窃企业电缆线案件，李某某、何某某盗窃企业铅块案件等一批有影响的案件，有效地维护了辖区的稳定。\r\n\r\n深度服务，建立良性警企关系\r\n\r\n想群众之所想，急群众之所急，办群众之所需；时刻把群众的利益放在心上；时刻铭记“百警联百企”的宗旨；积极主动地为群众做好事，办实事，解难事。董市镇姚家港集镇地理位置特殊，企业较多，外来务工人员和流动人口较多。对企业外来务工人员和流动人口管理一直日常工作的难点，既要登记管理到位，又要服务群众到家。为了不让群众跑冤枉路，董市派出所积极争取市公安局的支持，成立了姚家港警务室，对外来务工人员居住证管理实行就近受理，就近登记，就近办理。同时负责该区域流动人口的服务管理，有效解决了这一难题，实现了管理和服务的有机统一，受到了服务对象的一致好评。（通讯员：黎长春、黄华） ','http://legal.people.com.cn/NMediaFile/2015/1126/MAIN201511261752168775051317529.jpg','警察',1,NULL,NULL,2,3,NULL,NULL,1,'新华网',NULL,NULL,NULL,NULL,'2015-12-11 23:18:54',NULL,NULL),(11,1,1,'人民网品牌推介会\"五大维度\"见证优秀品牌与代理商','人民网品牌推介会\"五大维度\"见证优秀品牌与代理商','摘要：人民网品牌推介会\"五大维度\"见证优秀品牌与代理商','人民网北京12月10日电 （记者李彤）12月8日，以“融合的力量”为主题的“人民网2016品牌推介会”在京召开。会议期间，隆重颁发了“人民网2015年度最具影响力品牌”“人民网2015年度优秀代理商”奖项。\r\n\r\n据介绍，两项大奖以品牌在人民日报系全媒体平台表现为参照。从网络口碑、美誉度、认知度、海外传播、社会影响力五大维度进行量化、打分、综合排名。\r\n\r\n万达集团高级总裁助理刘明胜表示，受众高端、阅读者众多、内容积极向上，是人民网给人最直接的感受。“强国论坛”等品牌栏目是高端人士关注的好内容，人民日报、人民网融媒体传播覆盖人群超过三亿，新闻内容积极向上，让人看了心里踏实。\r\n\r\n“基于这几方面原因，万达集团希望明年加大和人民网的合作。”他说。\r\n\r\n奥美中国华北区董事总经理王宏鹏表示，广告代理商的核心价值是帮助客户拓展品牌内容，寻找适合其用户族群的媒体，这首先要找准媒体核心定位。在这方面人民网具备独特优势，有无法被取代的权威价值。\r\n\r\n“在今天活动上，我们看到了人民网‘融合的力量’。如果奥美能够和人民网深入合作，可以给我们带来更多信心，帮助客户品牌生根发芽、不断壮大，我们对2016年和人民网的合作充满信心。”他说。\r\n\r\n附荣获“人民网2015年度最具影响力品牌”奖项的品牌名单：\r\n\r\n一汽丰田汽车销售有限公司、广汽本田汽车有限公司、比亚迪汽车销售有限公司、一汽-大众销售有限责任公司 、上汽大通汽车有限公司、中国石油化工股份有限公司、完美（中国）有限公司、爱康国宾健康体检管理集团有限公司、拜耳医药保健有限公司、安徽古井集团有限责任公司、万达集团、绿地集团、通用电气公司、加多宝集团、安利（中国）日用品有限公司、苏宁云商集团股份有限公司、珠海格力电器股份有限公司、小米公司、中国工商银行、中国光大银行。','http://finance.people.com.cn/NMediaFile/2015/1210/MAIN201512101658000109812770333.jpg','人民网',0,NULL,NULL,4,2,NULL,NULL,1,'人民日报',NULL,NULL,NULL,NULL,'2015-12-01 23:18:55',NULL,NULL),(12,1,1,'人民网评：2.5天，休假权焦虑如何纾解','人民网评：2.5天，休假权焦虑如何纾解','摘要：人民网评：2.5天，休假权焦虑如何纾解','两天半，怎么休假？这个问题可能会“困扰”越来越多的人。近日，河北、江西、重庆等地相继出台了意见，明确鼓励“周五下午加周末”的2.5天休假模式。消息即出，有人欢喜有人愁。\r\n\r\n欢喜，是因为明确规定了周末休假模式，“终于可以放心大胆地在周五下午开启短途旅行了”；愁，是因为规定仅仅是“鼓励”，前提要遵循国家法律规定每周40小时工作时间。可见，“2.5天休假模式”是一种鼓励性引导，并非强制性要求，需要因时因地来执行。“理想很丰满，现实很骨感”，政策落实并非看上去那么美。\r\n\r\n其实，在经济社会日益发展的今天，休假旅游成为国人的一种刚需。从调整小长假到呼吁落实带薪休假制度，从提议解放周末到明确“2.5天模式”，为了最大可能地满足休假需求，做的工作不可谓不多。带动旅游消费，缓解长假旅游交通压力，提高旅游休假自主性……从长期来看，这项政策的好处确实不少，在某种程度上也体现了以人为本的政策导向。不过，正如有人所说，“一切假期没有法定都如同空谈”，不落实，再弹性的制度安排也无法达到理想的效果。\r\n\r\n更重要的是，如果2.5天休假模式迈出了保障公民休假权利的第一步，那么真正有效缓解大多数人的权利焦虑，还有很长的路要走。现实中，有不少阻碍休假的因素，休与不休肯定不是这样一纸规定即可解决。有的单位工作节奏快、压力大，不会把“鼓励”当成“必办”；有的单位看似允许统筹安排周末，可干不完的工作、分不开的身也让休假“近在眼前，远在天边”；有的单位则积极响应，鼓励并保障这种休假机会。\r\n\r\n因此，“连正常周末都没法休，奈何再加半天”与“既然单位有保障，多休半天又何妨”，形成了鲜明对比。所谓“有条件的地方和单位”，让权利呈现出凸凹之像，待遇上的差距不免加重了休假权的焦虑，小短假有可能沦为纸面化，也可能变成福利化。从这个意义上讲，一些地方提倡“2.5天休假模式”虽值得称赞，但能不能被激活、是不是可执行、有没有真效果，都需要更明确的实施细则。当然，保障和落实好这一政策，也是回应休假平等的公众关切的重要一步。\r\n\r\n“世界是本书，不从旅行获得充足，而是为了心灵获得休息。”时间转动再快，世界不断发展，人总需要稍作停留，或回味或凝思或畅想。既然提倡2.5天，不妨再下力气让“鼓励”成真，让带薪休假变现，心灵休憩也就不再“行路难”了。','http://t12.baidu.com/it/u=1146602534,1349527423&fm=76','书籍',0,NULL,NULL,654,1,NULL,NULL,1,'新华网',NULL,NULL,NULL,NULL,'2015-12-11 23:32:56',NULL,NULL),(13,1,1,'“满意在凤里访谈组” 受邀参加人民网访谈','“满意在凤里访谈组” 受邀参加人民网访谈','摘要“满意在凤里访谈组” 受邀参加人民网访谈','本报讯\r\n\r\n　　（记者詹伟志 通讯员王伟斌 杨竹君）9日下午，“满意在凤里访谈组”受邀接受人民网(603000,股吧)的在线视频直播采访。石狮市政府副市长杜举胜，石狮市公安局党委书记、局长刘南辉，石狮市公安局党委委员、凤里派出所所长陈清芳，辖区重庆籍群众江兴高等四人组成的访谈组，用自己的亲身经历共谈“满意在凤里”的故事。\r\n\r\n　　访谈于当日下午2时开始。作为分管政法工作的副市长，杜举胜充分肯定凤里派出所服务民生、维护稳定等方面做出的重要贡献，表达了石狮市委、市政府对凤里派出所工作的满意。\r\n\r\n　　刘南辉在接受访谈时，以认识深、标准高、要求严来概括凤里派出所是如何抓队伍的工作，总结了“把人民满意高高举起”的凤里精神，新时期“亲民爱民为民”的本质内涵和“把驻地当家乡、把百姓当家人、把人民满意当传家宝”的主要脉络，使凤里派出所成为石狮公安的一张名片。\r\n\r\n　　陈清芳用自己从凤里派出所民警到所长的经历，通过一个个鲜活的事例，讲述了凤里派出所不断传承和创新，持续开展“创人民满意警队，做群众喜爱警察”的做法。作为凤里辖区群众代表，江兴高结合自己所见所闻及亲身经历，讲述了凤里派出所一心为民、与困难和弱势群众结穷亲的爱民情怀……\r\n\r\n　　整个访谈历时一个小时，凤里派出所官方微博对访谈过程进行了直播，共发布20余条微博。访谈活动受到了网友的广泛关注，截至昨日上午10时，相关微博累计被转发评论2000余次、点赞1000多次，“满意在凤里”话题阅读量达1204.6万次','http://h06.hxsame.hexun.com/c?z=hexun&la=0&si=1&cg=1&c=765&ci=78&or=575&l=11747&bg=11747&b=11959&u=http://www.bankcomm.com/BankCommSite/uploadFiles/res/1408435546100/touziyinhanghtml/index.html','访谈',1,NULL,NULL,65,1,NULL,NULL,1,'人民日报',NULL,NULL,NULL,NULL,'2015-12-11 23:32:59',NULL,NULL),(14,1,1,'人民网韩国公司与韩国光阳湾圈经济自由区签署业务合作协议','人民网韩国公司与韩国光阳湾圈经济自由区签署业务合作协议','摘要：人民网韩国公司与韩国光阳湾圈经济自由区签署业务合作协议','人民网首尔12月10日电(夏雪) 12月10日，人民网韩国公司与韩国光阳湾圈经济自由区在韩国全罗南道光阳市签署了业务合作协议。根据协议，双方将就文化、旅游及经济交流等事宜进行紧密合作。人民网韩国公司总经理周玉波与韩国光阳湾圈经济自由区厅厅长权五俸出席了当天的签约仪式。\r\n　　权五俸表示，希望通过人民网让中国的网友了解全罗南道和光阳湾，提升光阳湾在中国的知名度，从而吸引更多中国企业来光阳湾投资。\r\n　　韩国光阳湾圈经济自由区成立于2003年,由全罗南道的光阳市、顺天市、丽水市和庆尚南道的河东郡组成,区域面积达92.38平方公里。光阳湾在产业基础设施、优惠政策等方面为入驻企业提供良好的经营环境。去年，光阳湾圈经济自由区的生产总值占韩国整体的十分之一，是韩国经济发展的重要组成部分，极具发展潜力。','http://korea.people.com.cn/NMediaFile/2015/1210/FOREIGN201512101533000308673658944.jpg','经济',1,NULL,NULL,345,11,NULL,NULL,1,'新华网',NULL,NULL,NULL,NULL,'2015-12-11 23:33:01',NULL,NULL),(15,1,1,'濮阳市人民网网民留言办理工作连续五年荣获全国先进','濮阳市人民网网民留言办理工作连续五年荣获全国先进','摘要：濮阳市人民网网民留言办理工作连续五年荣获全国先进','12月3日，人民日报社人民网、国家行政学院在北京召开了2015年全国网民留言办理工作会议，市委市政府督查局荣获“全国网民留言办理工作先进单位”，这是该局连续五年获此殊荣。会议同时公布了“2015年全国网民留言办理优秀案例”评选结果，濮阳市办理的“建设便民服务中心，构建濮阳美丽新农村”在180个省、市优秀案例中位居第3名。\r\n\r\n　　濮阳市委书记何雄对此作出重要批示：祝贺市委市政府督查局再次获得全国先进，感谢同志们的辛勤付出，望继续努力，再接再厉。网络舆情是重要的社情民意，望各级各部门高度重视，进一步改进作风，提高服务水平，认真听取和采纳网民意见建议，及时调查处理网民反映的问题，为推动濮阳经济社会发展凝聚人心、提供保障。\r\n\r\n　　近年来，市委市政府督查局在市委、市政府的领导下和各级各部门的支持下，坚持把办好人民网网民留言作为党委政府听民意、集民智、排民忧、解民难的重要载体，探索构建了各级各部门承办、市委市政府督查局督办、有关部门会商协办和分层办理的工作机制，推动了网民留言办理工作制度化、规范化、长效化。自2011年3月以来，累计办理网民给省委书记、省长和市委书记、市长的留言11143条。其中，今年办理2687条，办结并回复2435条，妥善解决了一大批涉及群众切身利益的困难和问题，凝聚了民心，促进了社会和谐。（刘素清） 　','http://images1.wenming.cn/web_wenming/syjj/dfcz/hn/201512/W020151211289736494169.jpg','行政',0,NULL,NULL,4443,1,NULL,NULL,1,'人民日报',NULL,NULL,NULL,NULL,'2015-12-11 23:33:02',NULL,NULL),(16,1,1,'人民网：审计署：12个铁路项目年度投资计划完成率偏低','人民网：审计署：12个铁路项目年度投资计划完成率偏低','摘要：人民网：审计署：12个铁路项目年度投资计划完成率偏低','人民网北京12月10日电 （周素雅）审计署今日发布2015年第32号公告：2015年10月稳增长促改革调结构惠民生防风险政策措施贯彻落实跟踪审计结果。公告显示，铁路方面建设方面存在年度投资计划完成率偏低、部分铁路项目段落尚未投产等问题。\r\n\r\n公告显示，12个铁路项目年度投资计划完成率偏低。截至2015年10月底，已开工的339个国家和合资铁路大中型项目中，有12个项目年度投资计划完成率低于10%，涉及年度投资计划85.70亿元，低于年度投资计划的序时进度。据中国铁路总公司反映，项目年度投资计划完成率偏低的主要原因是：项目可行性研究批复、初步设计、施工图以及工程招投标等环节需要较长的周期，个别项目地方资本筹集及银行贷款落实较慢。','http://finance.people.com.cn/NMediaFile/2015/1210/MAIN201512101450000149428575001.jpg','审计署',1,NULL,NULL,2134,3,NULL,NULL,1,'新华网',NULL,NULL,NULL,NULL,'2015-12-11 23:33:04',NULL,NULL),(17,1,1,'人民网：大闹机舱事件 不必盯着“教授”身份','人民网：大闹机舱事件 不必盯着“教授”身份','摘要：人民网：大闹机舱事件 不必盯着“教授”身份','人民网：大闹机舱事件 不必盯着“教授”身份人民网：大闹机舱事件 不必盯着“教授”身份人民网：大闹机舱事件 不必盯着“教授”身份人民网：大闹机舱事件 不必盯着“教授”身份','http://korea.people.com.cn/n/2015/1210/c205199-8988785.html','先进奖',0,NULL,NULL,32,1,NULL,NULL,1,'人民日报',NULL,NULL,NULL,NULL,'2015-12-11 23:33:06',NULL,NULL),(18,1,2,'中国科学院2015年院士增选结果公布','根据《中国科学院院士章程》和《中国科学院院士增选工作实施细则》的规定，2015年中国科学院选举产生了61名中国科学院院士和12名中国科学院外籍院士。','摘要：根据《中国科学院院士章程》和《中国科学院院士增选工作实施细则》的规定，2015年中国科学院选举产生了61名中国科学院院士和12名中国科学院外籍院士。','2015年新当选中国科学院院士名单\r\n\r\n（共61人，分学部按姓氏笔画为序）\r\n\r\n数学物理学部（11人）\r\n\r\n \r\n序号\r\n\r\n姓名\r\n\r\n年龄\r\n\r\n专业\r\n\r\n工作单位\r\n\r\n1\r\n\r\n王贻芳\r\n\r\n52\r\n\r\n粒子物理实验\r\n\r\n中国科学院高能物理研究所\r\n\r\n2\r\n\r\n邓小刚\r\n\r\n54\r\n\r\n空气动力学\r\n\r\n中国人民解放军国防科学技术大学\r\n\r\n3\r\n\r\n朱诗尧\r\n\r\n69\r\n\r\n物理、光学\r\n\r\n北京计算科学研究中心\r\n\r\n4\r\n\r\n江松\r\n\r\n52\r\n\r\n应用数学、计算数学\r\n\r\n北京应用物理与计算数学研究所\r\n\r\n5\r\n\r\n杜江峰\r\n\r\n46\r\n\r\n量子物理及其应用\r\n\r\n中国科学技术大学\r\n\r\n6\r\n\r\n张平文\r\n\r\n48\r\n\r\n计算数学\r\n\r\n北京大学\r\n\r\n7\r\n\r\n陈仙辉\r\n\r\n52\r\n\r\n凝聚态物理\r\n\r\n中国科学技术大学\r\n\r\n8\r\n\r\n罗民兴\r\n\r\n52\r\n\r\n理论物理\r\n\r\n浙江大学\r\n\r\n9\r\n\r\n莫毅明\r\n\r\n59\r\n\r\n数学\r\n\r\n香港大学\r\n\r\n10\r\n\r\n景益鹏\r\n\r\n51\r\n\r\n天体物理\r\n\r\n上海交通大学\r\n\r\n11\r\n\r\n谢心澄\r\n\r\n56\r\n\r\n凝聚态物理\r\n\r\n北京大学\r\n\r\n化学部（9人）\r\n\r\n \r\n序号\r\n\r\n姓名\r\n\r\n年龄\r\n\r\n专业\r\n\r\n工作单位\r\n\r\n1\r\n\r\n于吉红（女）\r\n\r\n48\r\n\r\n无机化学\r\n\r\n吉林大学\r\n\r\n2\r\n\r\n刘云圻\r\n\r\n66\r\n\r\n物理化学\r\n\r\n中国科学院化学研究所\r\n\r\n3\r\n\r\n安立佳\r\n\r\n50\r\n\r\n高分子物理\r\n\r\n中国科学院长春应用化学研究所\r\n\r\n4\r\n\r\n孙世刚\r\n\r\n60\r\n\r\n电化学\r\n\r\n厦门大学\r\n\r\n5\r\n\r\n李玉良\r\n\r\n65\r\n\r\n无机化学\r\n\r\n中国科学院化学研究所\r\n\r\n6\r\n\r\n张锁江\r\n\r\n50\r\n\r\n化学工程\r\n\r\n中国科学院过程工程研究所\r\n\r\n7\r\n\r\n席振峰\r\n\r\n52\r\n\r\n有机化学\r\n\r\n北京大学\r\n\r\n8\r\n\r\n唐勇\r\n\r\n50\r\n\r\n有机化学\r\n\r\n中国科学院上海有机化学研究所\r\n\r\n9\r\n\r\n谭蔚泓\r\n\r\n55\r\n\r\n分析化学\r\n\r\n湖南大学\r\n\r\n生命科学和医学学部（12人）\r\n\r\n \r\n序号\r\n\r\n姓名\r\n\r\n年龄\r\n\r\n专业\r\n\r\n工作单位\r\n\r\n1\r\n\r\n王福生\r\n\r\n52\r\n\r\n临床传染病学\r\n\r\n中国人民解放军第三〇二医院\r\n\r\n2\r\n\r\n李蓬（女）\r\n\r\n49\r\n\r\n生理学与生物化学\r\n\r\n清华大学\r\n\r\n3\r\n\r\n宋微波\r\n\r\n56\r\n\r\n动物学\r\n\r\n中国海洋大学\r\n\r\n4\r\n\r\n张旭\r\n\r\n53\r\n\r\n神经科学\r\n\r\n中国科学院上海生命科学研究院\r\n\r\n5\r\n\r\n陈义汉\r\n\r\n50\r\n\r\n内科学\r\n\r\n同济大学\r\n\r\n6\r\n\r\n陈孝平\r\n\r\n62\r\n\r\n肝脏外科\r\n\r\n华中科技大学\r\n\r\n7\r\n\r\n陈国强\r\n\r\n51\r\n\r\n基础医学—病理生理学\r\n\r\n上海交通大学\r\n\r\n8\r\n\r\n邵峰\r\n\r\n43\r\n\r\n感染与免疫的分子机制\r\n\r\n北京生命科学研究所\r\n\r\n9\r\n\r\n周琪\r\n\r\n45\r\n\r\n干细胞生物学\r\n\r\n中国科学院动物研究所\r\n\r\n10\r\n\r\n徐国良\r\n\r\n50\r\n\r\n分子遗传学\r\n\r\n中国科学院上海生命科学研究院\r\n\r\n11\r\n\r\n曹晓风（女）\r\n\r\n50\r\n\r\n植物表观遗传学\r\n\r\n中国科学院遗传与发育生物学研究所\r\n\r\n12\r\n\r\n阎锡蕴（女）\r\n\r\n58\r\n\r\n纳米生物学\r\n\r\n中国科学院生物物理研究所\r\n\r\n地学部（10人）\r\n\r\n \r\n序号\r\n\r\n姓名\r\n\r\n年龄\r\n\r\n专业\r\n\r\n工作单位\r\n\r\n1\r\n\r\n杨树锋\r\n\r\n68\r\n\r\n构造地质学\r\n\r\n浙江大学\r\n\r\n2\r\n\r\n吴福元\r\n\r\n52\r\n\r\n岩石学\r\n\r\n中国科学院地质与地球物理研究所\r\n\r\n3\r\n\r\n沈树忠\r\n\r\n53\r\n\r\n古生物学与地层学\r\n\r\n中国科学院南京地质古生物研究所\r\n\r\n4\r\n\r\n张人禾\r\n\r\n52\r\n\r\n气象学\r\n\r\n中国气象科学研究院\r\n\r\n5\r\n\r\n陈大可\r\n\r\n57\r\n\r\n物理海洋学\r\n\r\n国家海洋局第二海洋研究所\r\n\r\n6\r\n\r\n陈发虎\r\n\r\n52\r\n\r\n环境变化\r\n\r\n兰州大学\r\n\r\n7\r\n\r\n陈晓非\r\n\r\n57\r\n\r\n固体地球物理学\r\n\r\n中国科学技术大学\r\n\r\n8\r\n\r\n郝芳\r\n\r\n51\r\n\r\n石油地质学\r\n\r\n中国地质大学(武汉)\r\n\r\n9\r\n\r\n夏军\r\n\r\n60\r\n\r\n水文学及水资源\r\n\r\n武汉大学\r\n\r\n10\r\n\r\n高锐\r\n\r\n65\r\n\r\n地球物理与深部构造\r\n\r\n中国地质科学院地质研究所\r\n\r\n信息技术科学部（8人）\r\n\r\n \r\n序号\r\n\r\n姓名\r\n\r\n年龄\r\n\r\n专业\r\n\r\n工作单位\r\n\r\n1\r\n\r\n王永良\r\n\r\n50\r\n\r\n信号与信息处理\r\n\r\n空军预警学院\r\n\r\n2\r\n\r\n刘明（女）\r\n\r\n51\r\n\r\n微电子科学与技术\r\n\r\n中国科学院微电子研究所\r\n\r\n3\r\n\r\n陆建华\r\n\r\n51\r\n\r\n通信与信息系统\r\n\r\n清华大学\r\n\r\n4\r\n\r\n房建成\r\n\r\n49\r\n\r\n导航、制导与控制\r\n\r\n北京航空航天大学\r\n\r\n5\r\n\r\n姜杰（女）\r\n\r\n54\r\n\r\n导航、制导与控制\r\n\r\n中国航天科技集团公司第一研究院\r\n\r\n6\r\n\r\n周志鑫\r\n\r\n49\r\n\r\n信号与信息处理\r\n\r\n北京市遥感信息研究所\r\n\r\n7\r\n\r\n顾瑛（女）\r\n\r\n56\r\n\r\n生物医学光子学\r\n\r\n（激光医学）\r\n\r\n中国人民解放军总医院\r\n\r\n8\r\n\r\n黄如（女）\r\n\r\n45\r\n\r\n微电子学与固体电子学\r\n\r\n北京大学\r\n\r\n技术科学部（11人）\r\n\r\n \r\n序号\r\n\r\n姓名\r\n\r\n年龄\r\n\r\n专业\r\n\r\n工作单位\r\n\r\n1\r\n\r\n闫楚良\r\n\r\n67\r\n\r\n飞机结构寿命与可靠性\r\n\r\n国机集团科学技术研究院有限公司\r\n\r\n2\r\n\r\n何雅玲（女）\r\n\r\n51\r\n\r\n传热传质学\r\n\r\n西安交通大学\r\n\r\n3\r\n\r\n邹志刚\r\n\r\n60\r\n\r\n材料学\r\n\r\n南京大学\r\n\r\n4\r\n\r\n汪卫华\r\n\r\n51\r\n\r\n材料科学\r\n\r\n中国科学院物理研究所\r\n\r\n5\r\n\r\n陈云敏\r\n\r\n53\r\n\r\n岩土工程\r\n\r\n浙江大学\r\n\r\n6\r\n\r\n陈维江\r\n\r\n56\r\n\r\n高电压与绝缘技术\r\n\r\n国家电网公司\r\n\r\n7\r\n\r\n俞大鹏\r\n\r\n56\r\n\r\n无机非金属材料科学与工程\r\n\r\n北京大学\r\n\r\n8\r\n\r\n宣益民\r\n\r\n58\r\n\r\n工程热物理\r\n\r\n南京航空航天大学\r\n\r\n9\r\n\r\n倪晋仁\r\n\r\n52\r\n\r\n治河工程、环境工程\r\n\r\n北京大学\r\n\r\n10\r\n\r\n常青\r\n\r\n57\r\n\r\n建筑学\r\n\r\n同济大学\r\n\r\n11\r\n\r\n韩杰才\r\n\r\n49\r\n\r\n材料科学与工程\r\n\r\n哈尔滨工业大学\r\n\r\n2015年新当选中国科学院外籍院士名单\r\n\r\n（共12人，按英文姓氏字母为序）\r\n\r\n \r\n序号\r\n\r\n姓名\r\n\r\n国籍\r\n\r\n专业\r\n\r\n工作单位\r\n\r\n1\r\n\r\n艾思本\r\n\r\nRichard Lawrence Edwards\r\n\r\n美国\r\n\r\n地球化学\r\n\r\nUniversity of Minnesota\r\n\r\n明尼苏达大学\r\n\r\n2\r\n\r\n高华健\r\n\r\nHuajian Gao\r\n\r\n美国\r\n\r\n固体力学\r\n\r\nBrown University\r\n\r\n布朗大学\r\n\r\n3\r\n\r\n马丁·格勒切尔\r\n\r\nMartin Groetschel\r\n\r\n德国\r\n\r\n应用数学\r\n\r\nBerlin-Brandenburg Academy of Sciences and Humanities\r\n\r\n柏林科学院\r\n\r\n4\r\n\r\n罗伯特·格拉布斯\r\n\r\nRobert Howard Grubbs\r\n\r\n美国\r\n\r\n有机化学、高分子科学\r\n\r\nCalifornia Institute of Technology\r\n\r\n加州理工学院\r\n\r\n5\r\n\r\n马库·库马拉\r\n\r\nMarkkuTapioKulmala\r\n\r\n芬兰\r\n\r\n大气物理学、生态气象学\r\n\r\nUniversity of Helsinki\r\n\r\n赫尔辛基大学\r\n\r\n6\r\n\r\n查尔斯·李波\r\n\r\nCharles M. Lieber\r\n\r\n美国\r\n\r\n化学\r\n\r\nHarvard University\r\n\r\n哈佛大学\r\n\r\n7\r\n\r\n安德森·林奎斯特\r\n\r\nAnders Lindquist\r\n\r\n瑞典\r\n\r\n控制科学与工程\r\n\r\n上海交通大学\r\n\r\n8\r\n\r\n保罗·纳斯\r\n\r\nPaul Nurse\r\n\r\n英国\r\n\r\n生物化学\r\n\r\nThe Francis Crick Institute\r\n\r\n弗朗西斯克里克研究所\r\n\r\n9\r\n\r\n阿塔·拉曼\r\n\r\nAtta-ur Rahman\r\n\r\n巴基斯坦\r\n\r\n有机化学\r\n\r\nUniversity of Karachi\r\n\r\n卡拉奇大学\r\n\r\n10\r\n\r\n西蒙·怀特\r\n\r\nSimon D.M. White\r\n\r\n英国\r\n\r\n天体物理\r\n\r\nMax Planck Institute for Astrophysics\r\n\r\n马普天体物理研究所\r\n\r\n11\r\n\r\n张翔\r\n\r\nXiang Zhang\r\n\r\n美国\r\n\r\n光电信息\r\n\r\nUniversity of California Berkeley\r\n\r\n加州大学伯克利分校\r\n\r\n12\r\n\r\n庄小威\r\n\r\nXiaowei Zhuang\r\n\r\n美国\r\n\r\n生物物理/化学\r\n\r\nHarvard University,Howard Hughes Medical Institute\r\n\r\n哈佛大学，霍华德·休斯医学研究所','http://news.sciencenet.cn/upload/news/images/2015/12/201512111519504580.jpg','院士',1,NULL,NULL,23,11,NULL,NULL,1,'人民网',NULL,NULL,NULL,NULL,'2015-12-11 23:46:27',NULL,NULL),(19,1,2,'重庆一建筑外形奇特 被网友戏称“筷子楼”','重庆一建筑外形奇特 被网友戏称“筷子楼”','摘要：重庆一建筑外形奇特 被网友戏称“筷子楼”','2015年12月11日，重庆，一栋建筑外形像一根根“筷子”，被戏称为“筷子楼”。/视觉中国','http://pic.people.com.cn/NMediaFile/2015/1211/MAIN201512111724000432845524643.jpg','重庆|筷子',0,NULL,NULL,23,12,NULL,NULL,1,'人民网',NULL,NULL,NULL,NULL,'2015-12-11 23:46:29',NULL,NULL),(20,1,2,'“十问留守儿童”之一: 6100万的数字是怎么来的？','“十问留守儿童”之一: 6100万的数字是怎么来的？','摘要：“十问留守儿童”之一: 6100万的数字是怎么来的？','岁末年关，留守在农村老家的孩子们已开始倒数与父母团聚的日子。据统计，全国有农村留守儿童6100多万。这些孩子在成长中有怎样的悲喜？留守儿童问题该如何破解？人民网记者赴河南、安徽、贵州、四川、云南等劳动力输出大省以及广东、北京等劳动力输入地采访，推出“十问留守儿童”系列报道，与网友一起探讨。','http://society.people.com.cn/NMediaFile/2015/1210/MAIN201512100955062412759317359.jpg','留守儿童',1,NULL,NULL,43,34,NULL,NULL,1,'凤凰网',NULL,NULL,NULL,NULL,NULL,NULL,NULL),(21,1,2,'习近平与奥巴马通电话 提及气候谈判','习近平与奥巴马通电话 提及气候谈判','摘要：习近平与奥巴马通电话 提及气候谈判','习近平指出，不久前，我们在巴黎举行会晤，就中美关系和共同关心的问题深入交换意见，达成不少新共识。新的一年即将开始，中美关系面临重要发展机遇，也存在一些挑战。保持中美关系持续健康稳定发展，符合两国共同利益。希望美方同中方一道，推进各领域务实交流合作，以建设性方式管控分歧和敏感问题，确保中美关系朝着构建新型大国关系的正确方向发展。\r\n\r\n奥巴马表示，很高兴不久前同习主席在巴黎举行成功会晤。双方经常就重大国际和地区问题保持协调，对美中关系发展有重要积极意义。气候变化巴黎大会各方正密集磋商，为最终达成积极、强有力的协议凝聚共识。美方愿同中方保持密切协调，推动气候变化巴黎大会取得成功。\r\n\r\n习近平强调，我们共同出席了气候变化巴黎大会开幕活动，就气候变化问题保持频繁沟通，向国际社会发出了中美在气候变化领域加强合作的积极信息。巴黎大会谈判接近尾声，中美双方要同各方加强协调、共同努力，确保巴黎大会如期达成协议，这对国际社会有利。','http://y3.ifengimg.com/a/2015/1118/detailQrcode.jpg','气候',0,NULL,NULL,232,111,NULL,NULL,1,'凤凰网',NULL,NULL,NULL,NULL,NULL,NULL,NULL);

/*Table structure for table `channel` */

DROP TABLE IF EXISTS `channel`;

CREATE TABLE `channel` (
  `id` int(11) NOT NULL AUTO_INCREMENT,
  `code` int(11) DEFAULT NULL,
  `name` varchar(50) DEFAULT NULL,
  `keywords` varchar(255) DEFAULT NULL,
  `brief` varchar(255) DEFAULT NULL,
  PRIMARY KEY (`id`)
) ENGINE=InnoDB AUTO_INCREMENT=34 DEFAULT CHARSET=utf8;

/*Data for the table `channel` */

insert  into `channel`(`id`,`code`,`name`,`keywords`,`brief`) values (1,1,'要闻','',''),(2,2,'财经',NULL,NULL),(3,3,'娱乐',NULL,NULL),(4,4,'科技',NULL,NULL),(5,5,'社会',NULL,NULL),(6,6,'时尚',NULL,NULL),(7,7,'汽车',NULL,NULL),(8,8,'股票',NULL,NULL),(9,9,'电影',NULL,NULL),(10,10,'数码',NULL,NULL),(11,11,'军事',NULL,NULL),(12,12,'体育',NULL,NULL),(13,13,'文化',NULL,NULL),(14,14,'房产',NULL,NULL),(15,15,'星座',NULL,NULL),(16,16,'视频',NULL,NULL),(17,17,'图片',NULL,NULL),(18,18,'教育',NULL,NULL),(19,19,'宗教',NULL,NULL),(20,20,'佛学',NULL,NULL),(21,21,'游戏',NULL,NULL),(22,22,'动漫',NULL,NULL),(23,23,'理财',NULL,NULL),(24,24,'民生',NULL,NULL),(25,25,'美容',NULL,NULL),(26,26,'家居',NULL,NULL),(27,27,'NBA',NULL,NULL),(28,28,'少儿',NULL,NULL),(29,29,'养生',NULL,NULL),(30,30,'健康',NULL,NULL),(31,31,'心理',NULL,NULL),(32,32,'吃喝',NULL,NULL),(33,33,'烹饪',NULL,NULL);

/*Table structure for table `comment` */

DROP TABLE IF EXISTS `comment`;

CREATE TABLE `comment` (
  `id` int(11) NOT NULL AUTO_INCREMENT,
  `article_id` int(11) NOT NULL,
  `content` text,
  `status` int(11) DEFAULT NULL,
  `time` datetime DEFAULT NULL,
  `userid` bigint(19) DEFAULT NULL,
  `username` varchar(50) DEFAULT NULL,
  `location` varchar(50) DEFAULT NULL,
  `lonlat` varchar(50) DEFAULT NULL,
  `ip` varchar(20) DEFAULT NULL,
  `likes` int(11) DEFAULT NULL,
  `hate` int(11) DEFAULT NULL,
  PRIMARY KEY (`id`),
  KEY `FK_i4gfabcdddfcsr8rqvwh87hny` (`article_id`),
  CONSTRAINT `FK_i4gfabcdddfcsr8rqvwh87hny` FOREIGN KEY (`article_id`) REFERENCES `article` (`id`)
) ENGINE=InnoDB AUTO_INCREMENT=46 DEFAULT CHARSET=utf8;

/*Data for the table `comment` */

insert  into `comment`(`id`,`article_id`,`content`,`status`,`time`,`userid`,`username`,`location`,`lonlat`,`ip`,`likes`,`hate`) values (1,2,'很好',1,'2015-12-11 23:57:00',23454,'小明',NULL,NULL,NULL,6,3),(2,2,'很好1',1,'2015-12-11 23:57:00',23454,'小明',NULL,NULL,NULL,4,2),(3,2,'很好2',1,'2015-12-11 23:57:00',23454,'小明',NULL,NULL,NULL,4,1),(4,2,'很好4',1,'2015-12-11 23:57:00',23454,'小明',NULL,NULL,NULL,4,1),(5,3,'很好15',1,'2015-12-11 23:57:00',23454,'小明',NULL,NULL,NULL,4,1),(6,17,'很好9',1,'2015-12-11 23:57:00',23454,'小明',NULL,NULL,NULL,4,1),(7,17,'很好20',1,'2015-12-11 23:57:00',23454,'小明',NULL,NULL,NULL,4,1),(8,17,'很好21',1,'2015-12-11 23:57:00',23454,'小明',NULL,NULL,NULL,4,1),(9,17,'很好26',1,'2015-12-11 23:57:00',23454,'小明',NULL,NULL,NULL,4,1),(10,2,'很好27',1,'2015-12-11 23:57:00',23454,'小明',NULL,NULL,NULL,4,1),(11,17,'很好29',1,'2015-12-11 23:57:00',23454,'小明',NULL,NULL,NULL,4,1),(12,17,'很好31',1,'2015-12-11 23:57:00',23454,'小明',NULL,NULL,NULL,4,1),(13,17,'很好35',1,'2015-12-11 23:57:00',23454,'小明',NULL,NULL,NULL,4,1),(14,17,'很好36',1,'2015-12-11 23:57:00',23454,'小明',NULL,NULL,NULL,4,1),(15,17,'很好38',1,'2015-12-11 23:57:00',23454,'小明',NULL,NULL,NULL,4,1),(16,17,'很好39',1,'2015-12-11 23:57:00',23454,'小明',NULL,NULL,NULL,4,1),(17,17,'很好41',1,'2015-12-11 23:57:00',23454,'小明',NULL,NULL,NULL,4,1),(18,17,'很好40',1,'2015-12-11 23:57:00',23454,'小明',NULL,NULL,NULL,4,1),(19,17,'很好37',1,'2015-12-11 23:57:00',23454,'小明',NULL,NULL,NULL,4,1),(20,17,'很好28',1,'2015-12-11 23:57:00',23454,'小明',NULL,NULL,NULL,4,1),(21,17,'很好32',1,'2015-12-11 23:57:00',23454,'小明',NULL,NULL,NULL,4,1),(22,17,'很好30',1,'2015-12-11 23:57:00',23454,'小明',NULL,NULL,NULL,4,1),(23,17,'很好34',1,'2015-12-11 23:57:00',23454,'小明',NULL,NULL,NULL,4,1),(24,17,'很好23',1,'2015-12-11 23:57:00',23454,'小明',NULL,NULL,NULL,4,1),(25,21,'很好33',1,'2015-12-11 23:57:00',23454,'小明',NULL,NULL,NULL,4,1),(26,21,'很好24',1,'2015-12-11 23:57:00',23454,'小明',NULL,NULL,NULL,4,1),(27,21,'很好6',1,'2015-12-11 23:57:00',23454,'小明',NULL,NULL,NULL,4,1),(28,21,'很好22',1,'2015-12-11 23:57:00',23454,'小明',NULL,NULL,NULL,4,1),(29,21,'很好25',1,'2015-12-11 23:57:00',23454,'小明',NULL,NULL,NULL,4,1),(30,21,'13很好',1,'2015-12-11 23:57:00',23454,'小明',NULL,NULL,NULL,4,1),(31,21,'很好16',1,'2015-12-11 23:57:00',23454,'小明',NULL,NULL,NULL,4,1),(32,21,'很好3',1,'2015-12-11 23:57:00',23454,'小明',NULL,NULL,NULL,4,1),(33,21,'很好8',1,'2015-12-11 23:57:00',23454,'小明',NULL,NULL,NULL,4,1),(34,21,'很好14',1,'2015-12-11 23:57:00',23454,'小明',NULL,NULL,NULL,4,1),(35,21,'很好10',1,'2015-12-11 23:57:00',23454,'小明',NULL,NULL,NULL,4,1),(36,21,'很好19',1,'2015-12-11 23:57:00',23454,'小明',NULL,NULL,NULL,4,1),(37,21,'很好12',1,'2015-12-11 23:57:00',23454,'小明',NULL,NULL,NULL,4,1),(38,21,'很好18',1,'2015-12-11 23:57:00',23454,'小明',NULL,NULL,NULL,4,1),(39,21,'很好7',1,'2015-12-11 23:57:00',23454,'小明',NULL,NULL,NULL,4,1),(40,21,'很好5',1,'2015-12-11 23:57:00',23454,'小明',NULL,NULL,NULL,4,1),(41,21,'很好17',1,'2015-12-11 23:57:00',23454,'小明',NULL,NULL,NULL,4,1),(42,21,'很好11',1,'2015-12-11 23:57:00',23454,'小明',NULL,NULL,NULL,4,1),(43,2,'真的很好',1,'2015-12-12 01:18:18',33423,'xiaming','北京海淀区','45.33,34.32','128.6.5.4',0,0),(44,2,'真的很好',1,'2015-12-12 01:38:45',33423,'xiaming','北京海淀区','45.33,34.32','128.6.5.4',0,0),(45,2,'很不粗哦的呀',1,'2015-12-12 10:44:12',555,'王伟','北京海淀','0,0','127.0.0.1',0,0);

/*!40101 SET SQL_MODE=@OLD_SQL_MODE */;
/*!40014 SET FOREIGN_KEY_CHECKS=@OLD_FOREIGN_KEY_CHECKS */;
/*!40014 SET UNIQUE_CHECKS=@OLD_UNIQUE_CHECKS */;
/*!40111 SET SQL_NOTES=@OLD_SQL_NOTES */;
